﻿State,ID,Work Item Type,Title,Overflow
"Prodution","1764","User Story","[iOS] Identify unavailable store in the map",0
"Prodution","1765","User Story","[iOS] Offer alternative flow when a store is unavailable",0
"Prodution","1766","User Story","[iOS] Identify ""order ahead"" option according to the selected store",0
"Prodution","1767","User Story","[iOS] Identify time for pick up",0
"Prodution","1768","User Story","[iOS] Explicitly state the order is scheduled in the summary",0
"Prodution","1770","User Story","[Android] Offer alternative flow when a store is unavailable",0
"Prodution","1771","User Story","[Android] Identify unavailable store in the map",0
"Prodution","1773","User Story","[Android] Identify time for pick up",0
"Prodution","1774","User Story","[Android] Explicitly state the order is scheduled in the summary",0
"Prodution","1776","User Story","[iOS] Warn the user about the order schedule",0
"Prodution","1777","User Story","[Android] Warn the user about the order schedule",0
"Prodution","1783","User Story","[Android] Allow contact info update for Facebook linked accounts",0
"Prodution","1788","User Story","[Android] App doesn't display ""Currently Unavailable"" for closed stores",0
"Prodution","1815","User Story","[iOS] Move item ""Special Offers"" to the top position on the menu list",0
"Prodution","1816","User Story","[Android] Move item ""Special Offers"" to the top position on the menu list",0
"Prodution","2916","User Story","[Android] Curbside autofill car data",1
"Prodution","2926","User Story","[Android] Change store text display for the order flow",1
"Prodution","2928","User Story","[Android] Display order description instead of order number​",1
"Prodution","2931","User Story","[Android] Autofill address when choosing delivery as pickup method",1
"Prodution","2991","User Story","[iOS] Display order description instead of order number​",0
"Prodution","2998","User Story","[iOS] Curbside autofill car data",0
"Prodution","3005","User Story","[iOS] Change store text display for the order flow",0
"Prodution","3013","User Story","[iOS] Autofill address when choosing delivery as pickup method",1
"Prodution","3027","User Story","[Android] Change store text display for the sign up flow",1
"Prodution","3034","User Story","[iOS] Change store text display for the sign up flow",0
"Prodution","3035","User Story","[iOS] Allow contact info update for Facebook linked accounts",0
"Prodution","3631","User Story","[iOS] Implement DL for rewards tab via push notification",0
"Prodution","3782","User Story","[Android] Implement DL for rewards tab via push notification",0
"Prodution","3862","User Story","Regression - 10.8",0