﻿Title,Iteration Path,ID,Work Item Type,State
"Account deletion from within the app","Bottle Rocket\Pollo Tropical App\Q1_22\Sprint 59","1750","Feature","Active"
"Order ahead flow","Bottle Rocket\Pollo Tropical App\Q1_22\Sprint 59","1762","Feature","Active"
"Adjust layout details to enhance first time user experience","Bottle Rocket\Pollo Tropical App\Q2_22\Sprint 60","1805","Feature","Active"
"Use home screen as a set of shortcuts for deals ","Bottle Rocket\Pollo Tropical App\Q1_22","1809","Feature","Removed"
"Ease the checkout flow","Bottle Rocket\Pollo Tropical App\Q1_22\Sprint 59","2934","Feature","Active"
"Maintain user's info updated","Bottle Rocket\Pollo Tropical App\Q2_22\Sprint 62","3616","Feature","Active"
"H7: Push notification engaging registered users to visit the ""Rewards Program"" screen","Bottle Rocket\Pollo Tropical App\Q1_22\Sprint 57","3619","Feature","Active"
"Enhance app language for errors","Bottle Rocket\Pollo Tropical App\Q1_22\Sprint 57","3620","Feature","Active"
"Enhance the curbside experience","Bottle Rocket\Pollo Tropical App\Q1_22","3621","Feature","Removed"
"Call the user to action via push notifications","Bottle Rocket\Pollo Tropical App\Q2_22\Sprint 63","3624","Feature","New"
"H5A: In-App reinforcing registration on: tapping ""Order as a guest"" ","Bottle Rocket\Pollo Tropical App\Q1_22\Sprint 57","3646","Feature","Active"
"Interactive Home Screen","Bottle Rocket\Pollo Tropical App\Q2_22\Sprint 62","3840","Feature","New"
"H17: Sending push notifications for abandoned carts will lead to an increase in revenue","Bottle Rocket\Pollo Tropical App\Q1_22\Sprint 59","3844","Feature","Active"
"H5B: In-App reinforcing registration using in-App segmented message","Bottle Rocket\Pollo Tropical App\Q2_22\Sprint 62","3845","Feature","New"
"Increase user's time in the menu section","Bottle Rocket\Pollo Tropical App\Q2_22\Sprint 60","4017","Feature","New"
"Increase amount of checkpoints in the order flow","Bottle Rocket\Pollo Tropical App\Q2_22\Sprint 62","4020","Feature","New"
"Radar Integration","Bottle Rocket\Pollo Tropical App\Q2_22\Sprint 63","4022","Feature","New"