﻿ID,Work Item Type,Title,State,Iteration Path
"1782","Issue","[iOS] Rewards - Under Rewards ""Past activities"" title is shown when there are not past activities","Prodution","Bottle Rocket\Pollo Tropical App\Q1_22\Sprint 55"
"1784","Issue","[iOS] Choose delivery for hand-off method, exit delivery address screen, can't use hand-off method changer","Prodution","Bottle Rocket\Pollo Tropical App\Q1_22\Sprint 56"
"1787","Issue","[Android] - Checkout - Payment method button is shown above the keyboard when tapping ""next"" on the keyboard 	","Prodution","Bottle Rocket\Pollo Tropical App\Q1_22\Sprint 56"
"1818","Issue","[Android] Mixpanel Event ""Payment Completed"" being created without correct information","Prodution","Bottle Rocket\Pollo Tropical App\Q1_22\Sprint 54"
"1820","Issue","[Android] Phone number field is allowing more then 10 numbers","Prodution","Bottle Rocket\Pollo Tropical App\Q1_22\Sprint 54"
"1821","Issue","[iOS] Crashlytics - Parking Number Entry crash when using Accessibility fonts","Prodution","Bottle Rocket\Pollo Tropical App\Q1_22\Sprint 54"
"1823","Issue","[Android] Incorrect information for store without curbside","Prodution","Bottle Rocket\Pollo Tropical App\Q1_22\Sprint 55"
"2819","Bug","A gray line is being displayed where the ""Past activities"" used to be shown","Closed","Bottle Rocket\Pollo Tropical App\Q1_22\Sprint 55"
"2826","Issue","[iOS] Phone Number Field is allowing special characters after the 10 permitted numbers","Prodution","Bottle Rocket\Pollo Tropical App\Q1_22\Sprint 55"
"2827","Issue","[iOS] AppleID Sign In method is not working on TestFlight ","Prodution","Bottle Rocket\Pollo Tropical App\Q1_22\Sprint 55"
"2828","Issue","[Android] Parity | Android won't allow choosing Delivery as pick up method when store is unavailable","Closed","Bottle Rocket\Pollo Tropical App\Q1_22\Sprint 56"
"3426","Issue","[Android] Phone number on delivery address is allowing more than 10 numbers","Prodution","Bottle Rocket\Pollo Tropical App\Q1_22\Sprint 56"
"3427","Issue","[Android] Zip Code on delivery address is allowing 6 numbers instead of 5","Prodution","Bottle Rocket\Pollo Tropical App\Q1_22\Sprint 56"
"3438","Issue","[Android] Ordering a Tropichop when selecting the size, the user can`t go back taping outside of the field or clicking the device ""Back button""","Prodution","Bottle Rocket\Pollo Tropical App\Q1_22\Sprint 56"
"3599","Issue","[Android] App crash when user returns from payment screen to checkout screen (ordering ahead flow)","Prodution","Bottle Rocket\Pollo Tropical App\Q1_22\Sprint 56"
"3615","Issue","[iOS] Zip Code allowing special characters on Delivery Address page","Prodution","Bottle Rocket\Pollo Tropical App\Q1_22"
"3642","Issue","[iOS] Birthday field is allowing more than 8 characters ","Prodution","Bottle Rocket\Pollo Tropical App\Q1_22\Sprint 56"
"3643","Issue","[Android] Birthday field is not validating the date in real time","Prodution","Bottle Rocket\Pollo Tropical App\Q1_22\Sprint 56"
"3645","Issue","[Android] Delivery checkout Tip buttons are out of order and has wrong percentages","Prodution","Bottle Rocket\Pollo Tropical App\Q1_22\Sprint 56"
"3673","Issue","New address with infinite loading and payment button not disabling with empty phone number","Prodution","Bottle Rocket\Pollo Tropical App\Q1_22\Sprint 56"
"3676","Issue","[Android] Fix crash to get location without internet on New Address","Prodution","Bottle Rocket\Pollo Tropical App\Q1_22\Sprint 56"
"3681","Issue","Z10991 - LAB TX Menu is presenting 2 Platters","Closed","Bottle Rocket\Pollo Tropical App\Q1_22"
"3803","Issue","[iOS] Message signaling the store is closed when it is actually available","Prodution","Bottle Rocket\Pollo Tropical App\Q1_22\Sprint 57"
"3805","Issue","[Android] Payment method button disabled ","Closed","Bottle Rocket\Pollo Tropical App\Q1_22\Sprint 57"
"3806","Issue","[iOS] Payment method button disabled","Prodution","Bottle Rocket\Pollo Tropical App\Q1_22\Sprint 57"
"3813","Bug","[Android] When user taps ""("" or "")"" at the final of the phone number it allows 10 characters on Delivery Address and Sign Up page","Closed","Bottle Rocket\Pollo Tropical App\Q1_22\Sprint 57"
"3847","Issue","[Android] On double tap on the bottom navigation causes visual error","Closed","Bottle Rocket\Pollo Tropical App\Q1_22\Sprint 57"
"3884","Issue","[Android] Restaurant Favorite List with multiple restaurants","Prodution","Bottle Rocket\Pollo Tropical App\Q1_22\Sprint 58"
"4002","Issue","[Android] Crashlytics: Crash when remove the only restaurant from Favorite List","Prodution","Bottle Rocket\Pollo Tropical App\Q1_22\Sprint 58"
"4005","Issue","[Android] Remove Special Offers as first item of the Menu","Prodution","Bottle Rocket\Pollo Tropical App\Q1_22\Sprint 58"
"4008","Issue","[iOS] Remove Special Offers as first item of the Menu","Prodution","Bottle Rocket\Pollo Tropical App\Q1_22\Sprint 58"
"4024","Issue","[iOS] Credit Card billing method is not accepted when ordering ahead as a guest on a closed store","Closed","Bottle Rocket\Pollo Tropical App\Q1_22\Sprint 58"